view,quality,calls_before,calls_after,triangles_before,triangles_after,mesh_before,mesh_after,lights_before,lights_after,transparent_before,transparent_after,casters_before,casters_after,NPC_before,NPC_after,CPU_before_ms,CPU_after_ms
Lower Ward,high,199,199,9758,9758,3580,3580,14,14,34,34,204,204,118,118,0.5999999999767169,1
Lower Ward,standard,253,253,11918,11918,3634,3634,14,14,34,34,204,204,118,118,0.40000000002328306,0.40000000002328306
Lower Ward,mobile,429,429,13904,13904,3631,3631,10,10,34,34,204,204,118,118,0.5,0.7000000000116415
Canal Ward,high,320,320,9192,9192,3587,3587,14,14,34,34,204,204,118,118,0.40000000002328306,0.7000000000116415
Canal Ward,standard,178,178,9112,9112,3677,3677,14,14,34,34,204,204,118,118,0.7000000000116415,0.5
Canal Ward,mobile,354,354,11098,11098,3683,3683,10,10,34,34,204,204,118,118,0.5,0.7000000000116415
Civic Ward,high,319,319,9630,9630,3614,3614,14,14,34,34,204,204,118,118,0.40000000002328306,0.5
Civic Ward,standard,171,171,9310,9310,3707,3707,14,14,34,34,204,204,118,118,0.5,0.5
Civic Ward,mobile,344,344,11136,11136,3710,3710,10,10,34,34,204,204,118,118,0.40000000002328306,0.5
Scholar Heights,high,272,272,7480,7480,3608,3608,14,14,34,34,204,204,118,118,0.5,0.40000000002328306
Scholar Heights,standard,112,112,6680,6680,3716,3716,14,14,34,34,204,204,118,118,0.40000000002328306,0.40000000002328306
Scholar Heights,mobile,288,288,8666,8666,3713,3713,10,10,34,34,204,204,118,118,0.5999999999767169,0.6000000000349246
Old Quarter,high,308,308,8520,8520,3574,3574,14,14,34,34,204,204,118,118,0.7999999999883585,0.7999999999883585
Old Quarter,standard,136,136,7240,7240,3592,3592,14,14,34,34,204,204,118,118,0.7000000000116415,0.5999999999767169
Old Quarter,mobile,312,312,9226,9226,3589,3589,10,10,34,34,204,204,118,118,0.7000000000116415,0.6000000000349246
archive,high,26,26,4146,4146,18,18,3,3,0,0,0,0,118,118,0.5999999999767169,0.5999999999767169
archive,standard,26,26,4146,4146,18,18,3,3,0,0,0,0,118,118,0.5,0.40000000002328306
archive,mobile,12,12,4132,4132,18,18,3,3,0,0,0,0,118,118,0.40000000002328306,0.40000000002328306
records,high,22,22,1660,1660,12,12,3,3,0,0,0,0,118,118,0.5,0.5
records,standard,22,22,1660,1660,12,12,3,3,0,0,0,0,118,118,0.3999999999650754,0.5
records,mobile,8,8,1646,1646,12,12,3,3,0,0,0,0,118,118,0.29999999998835847,0.29999999998835847
bell,high,22,22,686,686,11,11,3,3,0,0,0,0,118,118,0.40000000002328306,0.40000000002328306
bell,standard,22,22,686,686,11,11,3,3,0,0,0,0,118,118,0.29999999998835847,0.40000000002328306
bell,mobile,8,8,672,672,11,11,3,3,0,0,0,0,118,118,0.29999999998835847,0.3999999999650754
observatory,high,23,23,376,376,14,14,3,3,0,0,0,0,118,118,0.40000000002328306,0.40000000002328306
observatory,standard,23,23,376,376,14,14,3,3,0,0,0,0,118,118,0.40000000002328306,0.20000000001164153
observatory,mobile,9,9,362,362,14,14,3,3,0,0,0,0,118,118,0.40000000002328306,0.29999999998835847
maps,high,21,21,1432,1432,12,12,3,3,0,0,0,0,118,118,0.40000000002328306,0.20000000001164153
maps,standard,21,21,1432,1432,12,12,3,3,0,0,0,0,118,118,0.40000000002328306,0.40000000002328306
maps,mobile,7,7,1418,1418,12,12,3,3,0,0,0,0,118,118,0.40000000002328306,0.3999999999650754
val,high,21,21,484,484,11,11,3,3,0,0,0,0,118,118,0.5,0.5
val,standard,21,21,484,484,11,11,3,3,0,0,0,0,118,118,0.40000000002328306,0.40000000002328306
val,mobile,7,7,470,470,11,11,3,3,0,0,0,0,118,118,0.40000000002328306,0.40000000002328306
inn,high,24,24,740,740,17,17,3,3,0,0,0,0,118,118,0.6000000000349246,0.5999999999767169
inn,standard,24,24,740,740,17,17,3,3,0,0,0,0,118,118,0.40000000002328306,0.5
inn,mobile,10,10,726,726,17,17,3,3,0,0,0,0,118,118,0.29999999998835847,0.40000000002328306
sluice,high,22,22,880,880,11,11,3,3,0,0,0,0,118,118,0.29999999998835847,0.5
sluice,standard,22,22,880,880,11,11,3,3,0,0,0,0,118,118,0.20000000001164153,0.5
sluice,mobile,8,8,866,866,11,11,3,3,0,0,0,0,118,118,0.20000000001164153,0.29999999998835847
